Clinical Vignettes,Rationale,acuity
"“I ran out of my blood pressure medicine, and my doctor is on vacation. Can someone here write me a prescription?” requests a 56-year-old male with a history of HTN. Vital signs: BP 128/84, HR 76, RR 16, T 97˚F.","ESI level  5: No resources. The patient needs  a prescription refill and has no other medical complaints. His blood pressure is controlled with his current medication. If at triage his blood pressure was 188/124 and he complained of a headache,, then he would meet the criteria for a high-risk situation and be assigned to ESI level 2. If this patient’s BP was elevated and the patient had no complaints, he or she would remain an ESI level 5. The blood pressure would be repeated and would most likely not be  treated in the ED or treated with PO medications.",5
"A 41-year-old male involved in a bicycle accident walks into the emergency department with his right arm in a sling. He tells you that he fell off his bike and landed on his right arm. His is complaining of pain in the wrist area and has a 2-centimeter laceration on his left elbow. “My helmet saved me,” he tells you.","ESI level 3: Two or more resources. At a minimum, this patient will require an x ray of his right arm and suturing of his left elbow laceration.",3
"A 32-year-old female presents to the emergency department complaining of shortness of breath for several hours. No past medical history, +smoker. Vital signs: RR 32, HR 96, BP 126/80, SpO2 93% on room air, T 98.6˚F. No allergies, current medications include vitamins and birth control pills.","ESI level 2:  High  risk. This 32-year-old female with new-onset shortness of breath is on birth control pills. She is a smoker and is exhibiting signs and symptoms of respiratory distress (SpO2 and respiratory rate.) Based on history and signs and symptoms, a pulmonary embolus, as well as other potential causes for her respiratory distress, must be ruled out.",2
"A 60-year-old man requests to see a doctor because his right foot hurts. On exam the great toe and foot skin is red, warm, swollen, and tender to touch. He denies injury. past medical history includes type 2 diabetes, and psoriasis. Vital signs: T 99.4˚F, RR 18, HR 82, BP 146/70, SpO2 99%.","ESI level 3: Two or more resources. This patient has a significant medical history, and based on his presentation, he will require two or more resources, which could include labs and IV antibiotics.",3
"A 52-year-old female requests to see a doctor for a possible urinary tract infection (UTI). She is complaining of dysuria and frequency. She denies abdominal pain or vaginal discharge. No allergies, takes vitamins, and has no significant past medical history. Vital signs: T 97.4˚F, HR 78, RR 14, BP 142/70.","ESI level 4: One resource. She will need one resource – lab, which will include a urinalysis and urine culture. She most likely has a UTI that will be treated with oral medications.",4
"""My right breast is so sore, my nipples are cracked, and now I have a fever. Do you think I will have to stop nursing my baby?” asks a tearful 34-year-old female. She is 3 months post partum and has recently returned to work part- time. Vital signs: T 102.8˚F, HR 90, RR 18, BP 108/60, pain 5/10. No past medical history, taking multivitamins, and is allergic to penicillin.","ESI level 3: Two or more resources. At a minimum, she will require labs and IV antibiotics.",3
"EMS arrives with a 45-year-old woman with asthma who has had  a  cold  for  week.  She started wheezing a few days ago and then developed a cough and a fever of 103. Vital signs: T 101.6˚F, HR 92, RR 24, BP 148/86, SpO2 97%.","ESI level 3: Two or more resources. This history sounds more like pneumonia. Because the patient is not in acute respiratory distress, he or she doesn’t meet ESI level-2 criteria. This patient will require labs, a chest x ray, and perhaps IV antibiotics.",3
"“I think I have food poisoning,” reports an otherwise healthy 33-year-old female. “I have been vomiting all night, and now I have diarrhea.” The patient admits to abdominal cramping that she rates as 5/10. She denies fever or chills. Vital signs: T 96.8˚F, HR 96, RR 16, BP 116/74.","ESI level 3: Two or more resources. Lab studies, IV fluid, and an IV antiemetic are three of the resources this patient will require. The patient is not high risk or in severe pain or distress.",3
"“My migraine started early this morning, and I can’t get it under control. I just keep vomiting. Can I lie down somewhere?” asks a 37-year-old female. Past medical history migraines, no allergies. Pain 6/10, T 98˚F, RR 20, HR 102, BP 118/62, SpO2 98%.","ESI level 3: Two  or  more  resources.  A patient with a known history of migraines with vomiting will require pain medication, an antiemetic, and fluid replacement. The pain is not severe, 6/10. This patient is not high risk.",3
"""The smoke was so bad; I just couldn’t breathe.” reports a 26-year-old female who entered her burning apartment building to try to rescue her cat. She is hoarse and complaining of a sore throat and a cough. You notice that she is working hard at breathing. History of asthma; uses inhalers when needed. No known drug allergies. Vital signs: T 98˚F, RR 40, HR 114, BP 108/74. ","ESI  level  1:  Requires   immediate lifesaving intervention. From the  history and presentation, this patient appears to have a significant airway injury and will require immediate intubation. Her respiratory rate is 40, and she is in respiratory distress.",1
"“I’m 7 weeks pregnant, and every time I try to eat something, I throw up,” reports a 27-year- old female. “My doctor sent me to the emergency department because he thinks I am getting dehydrated. T 97˚F, RR 18, HR 104, BP 104/68, SpO2 99%. Pain 0/10. Lips are dry and cracked.","ESI level 3: Two or more resources. Lab studies, IV fluid, and an IV antiemetic are three of the resources this patient will require. She is showing signs of dehydration.",3
"“I have this aching pain in my left leg,” reports an obese 52-year-old female. “The whole ride home, it just ached and ached.” The patient  tells you that she has been sitting in a car for the last 2 days. “We drove my daughter to college, and I thought it was the heat getting to me.” She denies any other complaints. Vital signs: BP 148/90, HR 86, RR 16, T 98˚F.","ESI level 3: Two or more resources. At a minimum, she will require labs and noninvasive vascular studies of her lower leg. She should be placed in a wheelchair with her leg elevated and instructed not to walk until the doctor has seen her.",3
"EMS arrives with an 87-year-old male who fell and hit his head. He is awake, alert, and oriented and remembers the fall. He has a past medical history of atrial fibrillation and is on multiple medications, including warfarin. His vital signs are within normal limits.","ESI level 2: High risk. Patients taking warfarin who fall are at high risk of internal bleeding. Although the patients’ vital signs are within normal limits and he shows no signs of a head injury, he needs a prompt evaluation and a head CT.",2
"“I just need another prescription for pain medication. I was here 10 days ago and ran out,” a 27-year-old male tells you. “I hurt my back at work, and it’s still bothering me.”  Denies numbness, tingling, or bladder or bowel issues. Vital signs are within normal limits. Pain 10+/10.","ESI level 5: No resources. No resources are required. Following a physical exam, this patient will be sent home with appropriate discharge instructions and a prescription if indicated.",5
"EMS arrives with a 32-year-old female who fell off a stepladder while cleaning her first-floor gutters. She has an obvious open fracture of her right lower leg. She has +2 pedal pulse. Her toes are warm, and she is able to wiggle them.  Denies past medical history medications, or allergies. Vital signs are within normal limits for her age.","ESI level 3: Two or more resources. An obvious open fracture will necessitate this patient going to the operating room. At a minimum, she will need the following resources: x ray, lab, IV antibiotics, and IV pain medication.",3
"A 27-year-old female wants to be checked by a doctor. She has been experiencing low abdominal pain (6/10) for about 4 days. This morning, she began spotting.  She denies nausea, vomiting, diarrhea, or urinary symptoms. Her last menstrual period was 7 weeks ago. past medical history: previous ectopic pregnancy. Vital signs: T.98˚F, HR 66, RR 14, BP 106/68.","ESI level 3: Two or more  resources.  Based on her history, this patient will require two or more resources – lab and an ultrasound. She may in fact be pregnant. Ectopic pregnancy is on the differential diagnosis list, but this patient is currently hemodynamically stable, and her pain is generalized across her lower abdomen.",3
"“My right leg is swollen, and my calf hurts,” reports a 47-year-old morbidly obese female sitting in a motorized scooter. The patient denies chest pain or shortness of breath, but admits to a history of type 2 diabetes and HTN. Vital signs: T 98˚F, RR 24, HR 78, BP 158/82, SpO2 98%. Pain 6/10.","ESI level 3: Two or more resources. This patient is at high risk for a deep vein thrombosis. For diagnostic purposes, she will require two resources: labs and a Doppler ultrasound. If a deep vein thrombosis is confirmed, she will require additional resources – remember,  ESI level  3 is two or more resources. If this patient were short of breath or had chest pain, they would meet ESI level-2 criteria.",3
EMS presents with a 54-year-old female with chronic renal failure who did not go to dialysis yesterday because she was feeling too weak. She tells you to look in her medical record for a list of her current medications and past medical history. Her vital signs are all within normal limits.,"ESI level 2: High risk. A complaint of weakness can be due to a variety of conditions, such as anemia or infection. A dialysis patient who misses a treatment is at high risk for hyperkalemia or other fluid and electrolyte problems. This is a patient who cannot wait to be seen and should be given your last open bed.",2
"68-year-old female presents to the ED with her right arm in a sling. She was walking out to the mailbox and slipped on the ice. “I put my arm out to break my fall. I was lucky I didn’t  hit my head.” Right arm with good circulation, sensation, and movement, obvious deformity noted. past medical history: arthritis, medications, ibuprofen, No known drug allergies. Vital signs within normal limits. She rates her pain as 6/10.","ESI  level  3:  Two   or  more  resources.  It looks like this patient has a displaced fracture and will need to have a closed reduction prior to casting or splinting. At a minimum, she needs x rays and an orthopedic consult. Her vital signs are stable, so there is no need to up- triage her to an ESI level 2. Her pain is currently 6/10. If ",3
"“It hurts so much when I urinate,” reports an otherwise healthy 25-year-old. She denies fever, chills, abdominal pain, or vaginal discharge. Vital signs: T 98.2˚F, HR 66, RR 14, BP 114/60.","ESI level 4: One resource. This patient will require one resource – lab. A urinalysis and urine culture will be sent, and depending on your institution, a urine pregnancy test. One or all of these tests count as one resource.",4
"26-year-old female is transported by EMS to the ED because she experienced the sudden onset of a severe headache that began after she moved her bowels. She is 28 weeks pregnant. Her husband tells you that she is healthy, takes only prenatal vitamins, and has no allergies.  On arrival in the ED, the patient is moaning and does not respond to voice. Emergency medical technicians (EMTs) tell you that she vomited about 5 minutes ago.","ESI  level  1:  Requires  immediate lifesaving intervention. From the history, it sounds like this patient has suffered some type of head bleed. She is currently unresponsive to voice and could be showing signs of increased intracranial pressure. She may not be able to protect her own airway and may need to be emergently intubated",1
"“I think I’m having a stroke,” reports an  anxious 40-year-old female. “I looked in the mirror this morning, and the corner of my mouth is drooping and I can’t close my left eye. You have to help me, please.” No past medical history, no meds. Vital signs all within normal limits.",ESI level 2: High risk. Facial droop is one of the classic signs of a stroke. This patient needs to be evaluated by the stroke team and have a head CT within minutes of arrival in the ED. Many nurses want to make all stroke alerts an ESI level 1. This patient does not meet level 1 criteria as she does not require immediate lifesaving. interventions. The triage nurse needs to facilitate moving this patient into the treatment area and initiate the stroke alert process,2
"An 88-year-old female is brought to the ED by EMS. This morning, she had an episode of slurred speech and weakness of  her  left  arm that lasted about 45 minutes. She has a history  of a previous stroke, and she takes an aspirin every day. She is alert and oriented with clear speech and equal hand grasps.","ESI level 2: High-risk situation. The patient’s history indicates that she may have had a transient ischemic attack this morning. The patient is high risk, and it would not be safe for her to sit in the waiting room for an extended period of time.",2
"“It is like I have my period. I went to the bathroom, and I am bleeding. This is my first pregnancy, and I am scared. Do you think everything is OK?” asks a 26-year-old healthy female. Vital signs: BP 110/80, HR 72, RR 18, SpO2 99%, T 98.6˚F. She describes the pain as crampy, but rates it as “1” out of 10.","ESI level 3: Two or more  resources.  Based on her history, this patient will require two or more resources – labs, an ultrasound. On the differential diagnosis list is a spontaneous abortion. Currently, she is hemodynamically stable and has minimal cramping or pain.",3
"“I suddenly started bleeding and passing clots the size of oranges,” reports a pale 34-year-old who is 10 days post partum. “I never did this with my other two pregnancies. Can I lie down before I pass out?” Vital signs: BP 86/40, HR 132, RR 22, SpO2 98%.","ESI  level  1:  Requires   immediate lifesaving intervention. This patient is presenting with signs and symptoms of a post partum hemorrhage. She tells you she is going to pass out, and her vital signs reflect her fluid volume deficit. The patient needs immediate IV access and aggressive fluid resuscitation.",1
"I have had a cold for a few days, and today I started wheezing. When this happens, I just need one of those breathing  treatments,” reports a 39-year-old female with a history of asthma. T 98˚F, RR 22, HR 88, BP 130/80, SpO2 99%, No meds, no allergies.",ESI level 4: One resource. This patient will need a hand-held nebulizer treatment for her wheezing. No labs or x ray should be necessary because the patient does not have a fever.,4
"A 58-year-old male collapsed while shoveling snow. Bystander CPR was started immediately; he was defibrillated once by the paramedics with the return of a perfusing rhythm. The hypothermic cardiac arrest protocol was initiated prehospital, and he presents with cold normal saline infusing.","ESI  level  1:  Requires   immediate lifesaving intervention. Studies have shown that lowering brain temperature post cardiac arrest decreases ischemic damage. This patient requires immediate lifesaving interventions to airway, breathing, circulation, and neurologic outcome. Even though the patient converted to a stable rhythm, the nurse should anticipate that additional lifesaving interventions might be necessary.",1
"“My doctor told me to come to the ED. I had a gastric bypass 3 weeks ago and have been doing fine, but today I started vomiting and having this belly pain.” The patient, an obese 33-year- old female, rates her pain as 6/10. Vital signs: BP 126/70, HR 76, RR 14, T 98˚F.","ESI level 3:  Two  or  more  resources.  She will need two or more resources – laboratory tests, IV fluid, medication for her nausea, and probably a CT of her abdomen. This patient will be in your emergency department an extended period of time being evaluated. If her pain was 10/10 and she was tachycardic, the patient would meet the ESI level-2 criteria.",3
"“I had a baby 5 weeks ago, and I am just exhausted. I have seen my doctor twice, and he told  me I wasn’t anemic.  I climb  the stairs,  and  I am so short of breath when I  get  to  the  top that I have to sit down, and now my ankles are swollen.  What  do  you  think  is  wrong  with me?” asks a 23-year-old obese female.","ESI level 2: High risk. This patient is describing more than just the fatigue or anemia. This patient could be describing the classic symptoms of a low-volume but high-risk situation – peripartum cardiomyopathy, a form of cardiomyopathy that occurs in the last month of pregnancy and up to 5 months post- partum. There is a decrease in the left ventricular ejection fraction which causes congestive heart failure.",2
"76-year-old male requests to see a doctor because his toenails are hard. Upon further questioning, the triage nurse ascertains that the patient is unable to cut his own toenails. He denies any breaks in the skin or signs of infection. He has a history of chronic obstructive pulmonary disease and uses several metered-dose inhalers. His vital signs are normal for his age.",ESI level 5: No resources. This elderly gentleman has such brittle toenails that he is no longer able to clip them himself. He requires a brief exam and an outpatient referral to a podiatrist.,5
"EMS arrives with a 42-year-old male who called 911 because of dizziness and  nausea  every  time he tries to move. The patient states, “I feel okay when I lie perfectly still, but if I start to sit up,  turn over, or move my head, the room starts to spin and I have to throw up.” No past medical history. Vital signs: T 97.2˚F, RR 16, HR 90, BP 130/82, SpO2 99%. Pain 0/10.","ESI level 3: Two or more  resources.  Based on the history, this patient may have acute labyrinthitis and will require two or more resources – IV fluids and an IV antiemetic.",3
"“My wife called 911 because my internal defibrillator gave me a shock this morning when I was eating breakfast. Really scared me! I saw my doctor a few days ago, and he changed some of my medications. Could that be why  that happened?” The patient has a significant cardiac history and reports taking multiple medications, including amiodarone. Vital signs: T 98.5˚F, RR 20, HR 90, BP 120/80.","ESI level 2: High risk. This patient is not someone who should sit in your waiting room. He does not meet the criteria for ESI level 1, but he meets the criteria for ESI level 2. The patient’s internal defibrillator fired for some reason and needs to be evaluated.",2
"“Nurse, I have this pressure in my chest that started about an hour ago. I was shoveling that wet snow, and I may have overdone  it,” reports  an obese 52-year-old male. He tells  you his pain  is 10 out of 10 and  that  he  is  nauseous  and short of breath. His skin is  cool  and  clammy. Vital signs: BP 86/50, HR 52 and irregular.","ESI  level  1:  Requires  immediate lifesaving intervention. The history combined with the signs and symptoms indicate that this patient is probably having an MI. The “pressure” started after shoveling wet snow, and now he is nauseous and short of breath, and his skin is cool and clammy. He needs immediate IV access, the administration of medications, and external pacing pads in place.",1
"“My sister has metastatic breast cancer, and her doctor suggested that I bring her in today to have more fluid drained off her lungs.” The fluid buildup is making it harder for her to breathe. The patient is a cachectic 42-year-old female on multiple medications. Vital signs: T 98.6˚F, RR 34, SpO2 95%, HR 92, BP 114/80.",ESI level 2: High risk. Breast cancer can metastasize to the lungs and can cause a pleural effusion. The collection of fluid in the pleural space leads to increasing respiratory distress as evidenced by the increased respiratory rate and work of breathing.,2
"A 58-year-old male presents to the emergency department complaining of left lower-quadrant abdominal pain for 3 days. He denies nausea, vomiting, or diarrhea. No change in appetite. past medical history HTN. Vital signs: T 100˚F, RR 18, HR 80, BP 140/72, SpO2 98%. Pain 5/10.","ESI level 3: Two or more resources. Abdominal pain in a 58-year-old male will require two or more resources. At a minimum, he will need labs and an abdominal CT.",3
"“This 84-year-old male passed out in the bathroom,” reports  the local paramedics. “When we arrived he was in a third-degree  heart block with a rate in the 20s and a blood pressure in the 60s. We began externally pacing him at a rate of 60 with an MA in the 50s. He is now alert, oriented, and asking to see his wife.”","ESI level 1:  Requires  immediate lifesaving intervention. The patient is in third-degree heart block and requires external pacing to preserve airway, breathing, and circulation.",1
"A-25-year-old  female  presented  to  the emergency department  because  of  moderate lower abdominal pain with a  fever  and  chills. Two days ago, the patient had a therapeutic abortion at a local clinic. The patient reports minimal vaginal bleeding, Vital signs: T 100.8˚F, RR 20, HR 92, BP 118/80, SpO2 99%. Pain 5/10.","ESI level 3: Two or more  resources.  Based on the history, this patient will require at a minimum labs and IV antibiotics. In addition she may need a gyn consult and IV pain medication.",3
"“I was at a family reunion, and we were playing baseball. One of my nephews hit the ball so hard, and I tried to catch it, missed, and it hit me right in the eye. My vision is fine. It just hurts,” reports a 34-year-old healthy female. Vital signs are within normal limits. There are no obvious signs of trauma to the globe, only redness and swelling in the periorbital area. The patient denies loss of consciousness.","ESI level 4: One resource. The history is suggestive of an orbital fracture. The patient will require one resource – an x ray. She will need a visual acuity check and eye evaluation, but these are not ESI resources.",4
"A 76-year-old male is brought to the ED because of severe abdominal pain. He tells you, “It feels like someone is ripping me apart.” The pain began about 30 minutes prior to admission, and he rates the intensity as 20/10. He has HTN, for which he takes a diuretic. No allergies. The patient is sitting in a wheelchair moaning in pain. His skin is cool and diaphoretic. Vital signs: HR 122, BP 88/68, RR 24, SPO2 94%.","ESI  level  1:  Requires   immediate lifesaving intervention. The patient is presenting with signs of shock--hypotensive, tachycardic, with decreased peripheral perfusion. He has a history of HTN and is presenting with signs and symptoms that could be attributed to a dissecting aortic abdominal aneurysm. He needs immediate IV access, aggressive fluid resuscitation, and perhaps blood prior to surgery.",1
"The patient states that she is 6 weeks post laparoscopic gastric bypass. Two days ago, she began to have abdominal pain with nausea and vomiting of pureed food. She reports a decrease in her fluid intake and not being able to take her supplements because of vomiting. Vital signs: T 97.8˚F, RR 20, HR 90, BP 110/70, SpO2 99%. Pain 4/10.","ESI level 3: Two or more resources. Abdominal pain and vomiting post gastric bypass needs to be evaluated. This patient needs labs, IV, antiemetics, and a CT.",3
A 26-year-old female walks into the triage room and tells you she needs to go into detox again. She has been clean for 18 months but started using heroin again 2 weeks ago when her boyfriend broke up with her. She had called several detox centers but was having no luck finding a bed. She denies suicidal or homicidal ideation. She is calm and cooperative,"ESI level 4: One resource. This patient is seeking help finding a detoxification program that will help her. She is not a danger to herself or others. The social worker or psychiatric counselor should be consulted to assist her. Once a placement has been found, she can be discharged from the emergency department and can get herself to the outpatient program. If your social worker or psychiatric counselor requires a urine toxicology or other lab work, the patient will require two or more resources and then meet ESI level-3 criteria.",4
"“My doctor told me to come to the ED. He thinks my hand is infected,” a 76-year-old female with arthritis, chronic renal failure, and diabetes tells you. She has an open area on the palm of her hand that is red, tender, and swollen. She hands you a list of her medications and reports that she has no allergies. She is afebrile. Vital signs: HR 72, RR 16, BP 102/60","ESI level 3: Two or more resources. This patient has a complex medical history and presented with an infected hand. At a minimum she will need labs, an IV, and IV antibiotics to address her presenting complaint. Her vital signs are normal, so there is no reason to up-triage her to ESI level 2.",3
"“My dentist can’t see me until Monday, and my tooth is  killing  me.  Can’t  you  give  me something for the pain?” a healthy 38-year-old male asks the triage nurse. He tells you the pain started yesterday, and  he  rates  his  pain  as 10/10. No obvious facial swelling  is  noted. Allergic to penicillin. Vital signs:  T  99.8˚F,  HR 78, RR 16, BP 128/74.","ESI level 5. No resources. No resources should be necessary. He will require a physical exam, but without signs of an abscess or cellulitis, this patient will be referred to a dentist. In the ED, he may be given oral medications and prescriptions for antibiotics and/or pain medication. He is not an ESI level 2, even though he rates his pain as 10/10. Based on the triage assessment, he would not be given the last open bed.",5
"“I have been on antibiotics for  5  days  for mastitis.  I am continuing to nurse  my baby,  but   I still have pain and tenderness in  my  right breast. Now there is this new reddened area,” a 34-year-old new mother tells you. The patient reports having a fever, chills, and just feeling run down. T 102.2˚F, RR 20, HR 990, BP 122/80, SpO2 98%. Pain 6/10.","ESI level 3: Two or more resources. This patient probably has been on antibiotics for 5 days for mastitis and now presents to the ED due to fever, chills, and feeling rundown. She will require labs, IV antibiotics, a lactation consult if available, and perhaps admission.",3
"A young male walks into triage and tells you that he has been shot. As he rolls up the left leg of his shorts, you notice two wounds. He tells you that he heard three shots. He is alert and responding appropriately to questions. Initial Vital signs: T 98.2˚ F, HR 78, RR 16, BP 118/80.","ESI  level  2:  High-risk   situation.  This patient has two obvious wounds, but until he is thoroughly examined in the trauma room, you can’t rule out the possibility that he has another gunshot wound. The wounds on his thigh look non-life-threatening, but a bullet could have nicked a blood vessel or other structure; therefore, he meets ESI level-2 criteria. His vital signs are within normal limits, so he does not meet ESI level-1 criteria.",2
"An 82-year-old resident of a local assisted living facility called 911 because of excruciating generalized abdominal pain and vomiting that started a few hours ago. The woman is moaning in pain but is still  able to tell you that she had  a heart attack 6 years ago. Vital signs: T 98˚F, RR 28, HR 102, BP 146/80, SpO2 98%. Pain 10/10.","ESI  level   2:  High  risk  and  severe   pain and distress. Abdominal pain in the elderly can be indicative of a serious medical condition, and a pain score of 10/10 is significant. The triage nurse needs to keep in mind that due to the normal changes of aging, the elderly patient may present very differently than a younger patient and is more likely to present with vague symptoms.",2
"""I should have paid more attention to what I was doing,” states a 37-year-old carpenter who presents to the ED with a 3-centimeter laceration to his right thumb. The thumb is wrapped in a clean rag. “I know I need a tetanus shot,” he tells you. BP 142/76, RR 16,  T 98.6˚F.",ESI level 4: One resource. This patient will require a laceration repair. A tetanus booster is not a resource.,4
"“How long am I going to have to wait before I see a doctor?” asks a 27-year-old female with a migraine. The patient is well known to you and your department. She rates her pain as 20/10 and tells you that she has been like this for 2 days. She vomited twice this morning. past medical history: migraines, no allergies, medications include Fioricet.","ESI level 3: Two or more resources. At a minimum, this patient will require an IV with fluid, IV pain medication, and an antiemetic. Although she rates her pain as 20/10, she should not be assigned to ESI level 2. She has had the pain for 2 days, and the triage nurse can’t justify giving the last open bed to this patient. The triage nurse will need to address this patient’s concerns about wait time.",3
"EMS arrives with a 75-year-old male with a self- inflicted 6-centimeter laceration to his neck. Bleeding is currently controlled. With tears in his eyes, the patient tells you that his wife of 56 years died last week. Health, No known drug allergies, baby ASA per day, BP 136/82, HR 74, RR 18, SpO2, 98% RA.","ESI level 2: High-risk. This 75-year-old male tried to kill himself by cutting his throat. Because of the anatomy of the neck, this type of laceration has the potential to cause airway, breathing, and/or circulation problems. At the same time, he is suicidal, and the ED needs to ensure that he does not leave or attempt to harm himself further.",2
"“My mother is just not acting herself,” reports the daughter of a 72-year-old female. She is sleeping more than usual and complains that it hurts to pee.” Vital signs: T 100.8˚F, HR 98, RR 22, BP 122/80. The patient responds to verbal stimuli but is disoriented to time and place.","ESI  level  2:  New  onset  confusion, lethargy, or disorientation. The daughter reports that her mother has a change in level of consciousness. The reason for her change in mental status may be a UTI that has advanced to bacteremia. She has an acute change in mental status and is therefore high risk.",2
"EMS arrives in the ED with a 57-year-old female with multiple sclerosis. She is bedridden, and her family provides care in the home.  The family called 911 because her Foley catheter came out this morning. No other complaints. Vital signs are within normal range, currently on antibiotics for a UTI.","ESI level 4: One resource. The patient was brought to the emergency department for a new Foley catheter – one resource. There are no other changes in her condition, and she is already on antibiotics for a UTI, so no further evaluation is needed.",4
"“Why the hell don’t you just leave me alone?” yells a 73-year-old disheveled male who was brought to the ED by EMS. He was found sitting on the curb drinking a bottle of vodka with blood oozing from a 4-centimeter  forehead laceration. He is oriented to person, place, and time and has a Glasgow Coma Scale score of 14.","ESI level  2:  High-risk  situation.  The history of events is unclear. How did the 73- year-old gentleman get the laceration on his forehead? Did he fall? Get hit? Because of his age, presentation, and presence of alcohol, he is at risk for a number of complications.",2
"“This is so embarrassing,” reports a 42-year-old male. “We were having incredible sex, and I heard a crack. Next thing you know, my penis was flaccid, and I noticed some bruising.” The pain is “unbelievable,” 20/10. No meds, No known drug allergies.","ESI level 2: High risk. This patient may be describing a penile fracture, a medical emergency. It is most often caused by blunt trauma to an erect penis. This patient needs to be evaluated promptly.",2
"A 72-year-old female with obvious chronic obstructive pulmonary disease and increased work of breathing is wheeled into triage. Between breaths, she tells you that she “is having a hard time breathing and has had a fever since yesterday.” The SpO2 monitor is alarming and displaying a saturation of 79 percent.","ESI  level  1:  Requires   immediate lifesaving intervention.   Immediate aggressive airway management is what this patient requires. Her saturation is very low, and she appears to be tiring. The triage nurse does not need the other vital signs in order to decide that this patient needs immediate care.",1
"“I think I need a tetanus shot,” a 29-year-old female tells you. “I stepped on a rusty nail this morning, and I know I haven’t had one for years.” No past medical history, No known drug allergies, no medications.",ESI level 5: No resources. A tetanus immunization does not count as a resource. The patient will be seen by a physician or midlevel provider and receive a tetanus immunization and discharge instructions. This patient will require no resources.,5
A 63-year-old cachectic male is brought in from the local nursing  home because his feeding tube fell out again. The patient is usually unresponsive. He has been in the nursing home since he suffered a massive stroke about 4 years ago.,"ESI level 4: One  resource. This patient  will be sent back to the nursing home after the feeding tube is reinserted. There is no acute change in his medical condition that warrants any further evaluation. He is unresponsive, but that is the patient’s baseline mental status so he is not an ESI level 1.",4
"A 28-year-old male presents to the ED requesting to be checked. He has a severe shellfish allergy and mistakenly ate a dip that contained shrimp. He immediately felt his throat start to close, so he used his EpiPen. He tells you that he feels okay. No wheezes or rash noted. Vital signs: BP 136/84, HR 108, RR 20, SpO2 97%, T 97˚F.",ESI level  2:  High-risk  situation  for allergic reaction. The patient has used his EpiPen but still requires additional medications and close monitoring.,2
"“He was running after his brother, fell, and cut his lip on the corner of the coffee table. There was blood everywhere,” recalls the mother of a healthy 19-month-old. “He’ll never stay still for the doctor.” You notice that the baby has a 2- centimeter lip laceration that extends through the vermilion border. Vital signs are within normal limits for age.","ESI level 3: Two or more resources. A laceration through the vermilion border requires the physician to line up the edges exactly. Misalignment can be noticeable. A healthy 19-month-old will probably not cooperate. In most settings, he will require conscious sedation, which counts as two resources. The toddler’s vital signs are within normal limits for his age, so there is no reason to up-triage to ESI level 2.",3
"A 44-year-old female is retching continuously into a large basin as her son wheels her into the triage area. Her son tells you that his diabetic mother has been vomiting for the past 5 hours, and now it is “just this yellow stuff.” “She hasn’t eaten or taken her insulin,” he tells you. No known drug allergies. Vital signs: BP 148/70, P 126, RR 24.","ESI level 2: High risk. A 44-year-old diabetic with continuous vomiting is at risk for diabetic ketoacidosis. The patient’s vital signs are a concern, as her heart rate and respiratory rate are both elevated. It is not safe for this patient to wait for an extended period of time in the waiting room",2
"EMS arrives with a 76-year-old male found on the bathroom floor. The  family  called  911 when they heard a loud crash in the bathroom. The patient was found in his underwear, and the toilet bowl was filled with maroon-colored stool. Vital signs on arrival: BP 70/palp, HR 128, RR 40. His family tells you he has a history of atrial fibrillation and takes a “little blue pill to thin his blood.”","ESI  level  1:  Requires  immediate lifesaving intervention. This 76-year-old patient is in hemorrhagic shock from his GI bleed. His blood pressure is 70, his heart rate is 128, and his respiratory rate is 40, all indicating an attempt to compensate for his blood loss. This patient needs immediate IV access and the administration of fluid, blood, and medications.",1
"I think I picked up a bug overseas,” reports a 34-year-old male who presented in the emergency department complaining of frequent watery stools and abdominal cramping. “I think I am getting dehydrated.” T 98°F, RR 22, HR 112, BP 120/80, SpO2 100%. His lips are dry and cracked. ","ESI level 3: Two or  more  resources.  From the patient’s history, he will require labs and IV fluid replacement—two resources.",3
"“My pain medications are not working anymore. Last night I couldn’t sleep because the pain was so bad,” reports a 47-year-old female with metastatic ovarian cancer. “My husband called my oncologist, and he told me to come to the emergency department.” The patient rates her pain as 9/10. Vital signs are within normal limits.",ESI level 2: Severe pain or distress. This patient needs aggressive pain management with IV medications. There is nothing the triage nurse can do to decrease the patient’s pain level. The answer to “Would you give your last open bed to this patient?” should be yes.,2
"A 48-year-old male tells you that he has a history of kidney stones and thinks he has another one. He has right costovertebral angle pain that radiates around to the front and into his groin. He is nauseous but tells you he took a pain pill, and right now he has minimal pain. He denies vomiting. T 98°F, RR 16, HR 80, BP 136/74, SpO2 100%. Pain 3/10.","ESI level 3: Two or more resources.  The patient is presenting with signs and symptoms of another kidney stone. At a minimum, he will need a urinalysis and CT scan. If his pain increases, he may need IV pain medication. At a minimum, two resources are required. If the pain level was 7/10 or greater and the triage nurse could not manage the pain at triage, the patient could meet level-2 criteria.",3
"A 46-year-old asthmatic in significant respiratory distress presents via ambulance. The paramedics report that the patient began wheezing earlier in the day and had been using her inhaler with no relief. On her last  admission for asthma, she was intubated. Vital signs: RR 44, SpO2 93% on room air, HR 98, BP 154/60. The patient is able to answer your questions about allergies and medications.","ESI level 2: High-risk. An asthmatic with a prior history of intubation is a high-risk situation. This patient is in respiratory distress as evidenced, by her respiratory rate, oxygen saturation, and work of breathing. She does not meet the criteria for ESI level 1, requires immediate lifesaving intervention.",2
"A 56-year-old male with a recent diagnosis of late-stage non-Hodgkin’s lymphoma was brought to the ED from the oncology clinic. He told his oncologist that he had facial and bilateral arm swelling and increasing shortness of breath. The patient also reports that his symptoms are worse if he lies down. Vital signs: BP 146/92, HR 122, RR 38, SpO2 98% on room air, temperature normal.","ESI level 2: High risk. This patient is demonstrating respiratory distress with his increased respiratory rate and decreased oxygen saturation. Symptoms are caused by compression of the superior vena cava from the tumor. It is difficult for blood to return to the heart, causing edema of the face and arms",2
"EMS arrives with an 87-year-old male who slipped on the ice and injured his right hip. His right leg is shortened and externally rotated. The patient’s only complaint is hip pain. He rates his pain as 5/10, and his vital signs are within normal limits.","ESI level 3: Two or more resources. This patient probably has a fractured hip and will need an x ray, IV pain medication, and an orthopedic consult. If the reason for a fall in the elderly is unclear, the patient should be assigned ESI level 2 to rule out a cardiac or neurological event.",3
"A 72-year-old female is brought in by  ambulance from the nearby nursing home.  They report that she has become increasingly confused over the last 24 hours. She is usually awake, alert, and oriented and takes care of her own activities of daily living. At triage she has a temperature of 99.6°F, HR 86, RR 28, BP 136/72, SpO2 94% on room air.",ESI level 2: High risk.  An  elderly  patient with increasing confusion and a fever needs to be evaluated for an infection. UTIs and pneumonia need to be ruled out. This patient may be septic and requires rapid evaluation and treatment.,2
"The overhead page announces the arrival of the Code STEMI. Paramedics arrive with a 62-year- old male with a history of a myocardial infarction 4 years ago who is complaining of chest pressure that started an hour ago. The field EKG shows anterior lateral ischemic changes. Currently, the patient’s heart rate is 106, RR 28, BP 72/53, SpO2 is 95% on a non- rebreather mask. His skin is cool and clammy.","ESI  level  1:   Requires   immediate lifesaving intervention. This patient is experiencing another cardiac event that requires immediate treatment. His vital signs and skin perfusion are suggestive of cardiogenic shock, and the patient may require fluid resuscitation or vasopressors to treat hypotension.",1
"“I had a knee replacement 3 months ago. Now look at it!” states a 64-year-old male. The knee is red, swollen and tender to touch. Vital signs: T 99°F, RR 20, HR 74, BP 164/74, SpO2 97%. Pain 6/10.","ESI level 3: Two or more resources. The patient is presenting with signs and symptoms of an infection. At a minimum, he will require labs, an x ray, an orthopedic consult, and IV antibiotics.",3
"EMS arrives with a 67-year-old female who lives alone. The patient called 911 because she was too sick to get herself to the doctor. The patient has had a fever and cough for 3 days. She reports coughing up thick green phlegm and is concerned that she has pneumonia. She denies shortness of breath. Past medical history HTN, T 102°F, RR 28, HR 86, BP 140/72, SpO2 94%.","ESI level 3: Two or more resources. This elderly patient may have pneumonia. Labs and a chest x ray are required, in addition to IV antibiotics. If vital signs are outside the accepted parameters, they may be considered high risk and meet ESI level-2 criteria.",3
"“I woke up this morning, and there was a bat flying around our bedroom. Scared me half to death, and now I am so worried about rabies,”  an anxious 48-year-old female tells you. “My husband opened the window, and the bat flew out.” Past medical history of ovarian cysts, no med or allergies, vital signs are within normal limits.","ESI level 4: One resource. It is unknown whether the patient was bitten by the bat because they were sleeping, so postexposure prophylaxis will be initiated. One resource—an intramuscular medication.",4
"The family of a 74-year-old male called 911 when he developed severe mid-abdominal pain. “My husband is not a complainer,” reports his wife. “The only medication he takes is for high blood pressure.” On arrival in the ED, the patient’s HR is 140, RR 28, SpO2 94%, BP 72/56.","ESI level 1: The patient is presenting with signs of shock, hypotension tachycardia, and tachypnea. He has a history of HTN and is presenting with signs and symptoms that could be suggestive of a dissecting aortic abdominal aneurysm. On arrival in the emergency department, he will require immediate lifesaving interventions such as immediate IV access, aggressive fluid resuscitation, and perhaps blood prior to surgery.",1
"“I woke up this morning, and my eyes are all  red and crusty,” reports a 29-year-old kindergarten teacher. “I think I got it from the kids at school,” she tells you. She denies pain or other visual disturbances. Her vital signs are within normal limits.","ESI level 5: No resources. Following a physical exam, this patient will be discharged to home with a prescription and appropriate discharge instructions. No resources are required.",5
"“I have this skin rash in my crotch. It looks like jock rot. Probably got it from not washing my gym clothes,” reports a 19-year-old healthy male. No abnormal vital signs.","ESI level 5: No resources. Following a physical exam, this young man will be discharged to home with a prescription and appropriate discharge instructions.",5
"“The doctor told me to come back this morning and have my boil checked. He lanced it yesterday and packed some stuff in it. He said he just want to make sure it is healing OK,” reports a 54-year-old diabetic male. The patient goes on to tell you that he feels so much better. T 98°F, RR 16, HR 64, BP 142/78, SpO2 98%. Pain 2/10.","ESI level 5: No resources. This patient was instructed to come back to the emergency department for a wound check. He will be examined and discharged to home. No resources are required. A point-of-care finger stick glucose is indicated, but this is not a resource. If the patient came back with a fever or increasing pain and redness, then his ESI level would reflect the additional resources he would require.",5
"“I have been wheezing for a few days, and  today I woke up with a fever. My rescue inhaler doesn’t seem to be helping,” reports a 43-year- old female with a past history of asthma. Vital signs: T 101.4°F, RR 26, HR 90, BP 138/70, SpO2 95%.","ESI level 3: Two or more resources. This patient has a history of asthma that is not responding to her rescue inhaler. In addition, she has a fever. At a minimum, she will need two resources: hand-held nebulizer treatments and a chest x ray.",3
"“I was having breakfast with my wife, and all of a sudden I couldn’t see out of my right eye. It lasted about 5 minutes. I’m just scared because I’ve never had anything like this happen  before,” reports a 56-year-old male with a history of HTN and high cholesterol.","ESI level 2: High risk. This patient is exhibiting signs of central retinal artery occlusion, which represents an acute threat to loss of vision. Rapid evaluation is necessary.",2
"“I was walking down the street and twisted my ankle as I stepped off the curb. I don’t think it’s broken, but it hurts so much,” report a 43-year- old female with a history of colitis. Vital signs:  T 98°F, HR 72, RR 18, BP 134/80, SpO2 100%. Pain 8/10.","ESI level 4: One resource. To rule out a fracture, this patient will require an x ray, one resource. The application of a splint and crutch walking instructions are not counted as resources. This patient does not meet the criteria for ESI level 2 for pain because nursing can immediately initiate interventions to address her pain.",4
"“My colitis is acting up,” report a 26-year-old female. “It started with an increased number of stools, and now I am cramping a lot. My gastroenterologist told me to come to the emergency department to be evaluated.” No other past medical history. T 97°F, RR 18, HR 68, BP 112/76, SpO2 100%. Pain 6/10.","ESI level 3: Two or more resources.  The patient is presenting with a colitis flare. She will need labs and possibly an IV and a CT of the abdomen, especially in light of her presentation with normal vital signs. Two resources.",3
"A 46-year-old female with a history of sickle cell disease presents to the emergency department because of a crisis. She has pain in her lower legs that began 8 hours ago, and the pain medication she is taking is not working. Currently, she rates her pain as 8/10. She has no other medical problems, and her current medications include folate and vicodin. Vital signs are all within normal limits.","ESI level 2: High risk. Sickle cell disease requires immediate medical attention because of the severity of the patient’s pain, which is caused by the sickle cells occluding small and sometimes large blood vessels. Rapid analgesic management will help prevent the crisis from progressing to the point where hospitalization will be unavoidable.",2
"“I take a blood thinner because I have had clots in my legs,” reports a 54-year-old black male. “They told me that medicine would prevent them, but today I have pain and swelling in my lower leg. It started out just being sore, but now I can hardly walk on it.” Denies any other complaints. Vital signs within normal limits.",ESI level 3: Two or more resources. This patient will need lab tests and lower-extremity vascular studies to rule out a deep vein thrombosis.,3
"A 65-year-old female is brought in by ambulance from the local nursing home for replacement of her PEG tube. The information from the nursing home states that she had a massive stroke 3 years ago and is now aphasic. Her condition is unchanged, and she is a do not resuscitate/do not intubate. Vital signs within normal limits.",ESI level 3: Two or more resources. This patient will need to be seen by surgery or GI and her PEG tube reinserted—two resources.,3
"26-year-old female presents to the ED because she can’t get an appointment  with  her therapist. She went home for the holidays, and the visit brought back many issues from her childhood. She is unable to sleep and has been drinking more than usual. She admits to thinking about hurting herself but has no plan. History of previous suicide attempts. Vital signs within normal limits.",ESI level 2: High-risk situation.  This patient is a danger to herself and needs to be placed in a safe environment with a constant observer.,2
"“I am here on business for a week, and I forgot to pack my blood pressure  medication.  I haven’t taken it for 2 days. Do you think one of the doctors will write me a prescription?” asks a 58-year-old male. BP 154/88, HR 64, RR 18, T 98°F, SpO2 99%.",ESI level 5: No resources. The patient  will need a history and physical exam and then will be discharged to home with a prescription. An oral dose of his blood pressure medication does not count as a resource.,5
"“I fell running for the bus,” reports a 42-year- old female. “Nothing hurts, I just have road burn on both my knees, and I think I need a tetanus booster.” Vital signs within normal limits.","ESI level 5: No resources. A tetanus booster is not a resource, and neither is cleaning and dressing abrasions.",5
"EMS radios in that they are in route with a 21- year-old with a single gunshot wound to the left chest. Vital signs are BP 78/palp, HR 148, RR 36, SpO2 96% on a non-rebreather.","ESI  level  1:  Requires  immediate lifesaving intervention. The trauma team needs to be in the trauma room and ready to aggressively manage this 21-year-old with a single gunshot wound to the left chest. He will require airway management, fluid resuscitation and, depending on the injury, a chest tube or rapid transport to the operating room.",1
"A 51-year-old presents to triage with redness  and swelling of his right hand. He reports being scratched by his cat yesterday. Past medial history gastroesophageal reflux disease. Vital signs: BP 121/71, HR 118, RR 18, T 101.8°F, SpO2 98%. Pain 5/10.","ESI level 3: Two or more resources. This patient probably has a cellulitis of the hand and will require labs and IV antibiotics. Starting a saline lock is not a resource, but IV antibiotics are a resource.",3
"EMS arrives with a 52-year-old female overdose. The patient took eight 75 mg tabs of wellbutrin 2 hours ago because her husband left her for another woman, and now she wants to die. She is awake, alert, and oriented.","ESI level 2:  High-risk  situation.  An overdose is a high-risk situation, and wellbutrin overdoses are prone to seizures, hallucinations, and irregular heart rhythms. This patient is suicidal and also needs to be monitored closely for safety.",2
"The local police arrive with a 48-year-old male who was arrested last night for public intoxication. He spent the night in jail, and this morning he is restless and has tremors. The patient usually drinks a case of beer a day and has not had a drink since 7 p.m. Vital signs: BP 172/124, HR 122, RR 18, T 98.6°F, SpO2 97% Pain 0/10.","ESI level 2: High-risk situation. This 48- year-old male is probably showing signs of alcohol withdrawal, a high-risk situation. He is restless, tremulous and tachycardic. In addition he is hypertensive. He is not safe to wait in the waiting room, and should be given your last open bed.",2
